{
  "weights": [
    [
      -1.1527988125400435,
      -0.42592495605936015,
      10.400840640194252,
      -10.185325649843042,
      -6.314523512804526,
      -0.09800846554113311
    ],
    [
      -0.263048742688055,
      0.12176166323456705,
      -5.1201085444686125,
      14.541571191789068,
      -7.3914003269717075,
      0.0030138718213824577
    ],
    [
      1.4158475552281005,
      0.30416329282479737,
      -5.2807320957256,
      -4.356245541946002,
      13.705923839776267,
      0.09499459371975048
    ]
  ],
  "metadata": {
    "totalSamples": 55,
    "distribution": {
      "haiku": 15,
      "sonnet": 20,
      "opus": 20
    },
    "generatedAt": "2026-04-20T02:50:47.347Z",
    "trainingAccuracy": 0.8545454545454545,
    "features": [
      "wordCount",
      "hasQuestion",
      "hasActionVerb",
      "hasComplexSignal",
      "estimatedTokens"
    ],
    "version": "1.0.0"
  }
}